﻿<?xml version="1.0" encoding="UTF-8"?>
<?xml-stylesheet type="text/xsl" href="pagina_albumes.xsl"?>
<?xml-stylesheet type="text/xsl" href="pagina_playlist.xsl"?>
<biblioteca>
  
    <albumes>
        
        <album id="alb01" año="2018" artista="art01" cubierta="cub_01">
            <titulo>El mal querer</titulo>
            <portada ruta="imagenes/rosalia_el-mal-querer.jpg"/>
            <compañia nombre="Sony Music"/>
            <cancion id="alb01c01" duracion="2:29" valoracion="5">
                <titulo>Malamente</titulo>
                <reproducciones última="15-02-2019" numero="4"/>
                <género>Flamenco</género>  
            </cancion>
            <cancion id="alb01c02" duracion="4:29" valoracion="3">
                <titulo>Que no salga la luna</titulo>
                <reproducciones última="30-12-2018" numero="1"/>
                <género>Urbano</género>
            </cancion>
            <cancion id="alb01c03" duracion="3:13" valoracion="5">
                <titulo>Pienso en tu mirá</titulo>
                <reproducciones última="15-02-2019" numero="10"/>
                <género>Pop español</género>
            </cancion>
            <cancion id="alb01c04" duracion="2:24">
                <titulo>De aquí no sales</titulo>
                <reproducciones última="15-02-2019" numero="10"/>
                <género>Urbano</género>
            </cancion>
            <cancion id="alb01c05" duracion="3:28">
                <titulo>reniego</titulo>
                <reproducciones última="15-02-2019" numero="10"/>
                <género>Pop español</género>
            </cancion>
            <cancion id="alb01c06" duracion="0:40">
                <titulo>Preso</titulo>
                <reproducciones última="15-02-2019" numero="10"/>
                <género>Urbano</género>
            </cancion>
            <cancion id="alb01c07" duracion="3:02">
                <titulo>Bagdad</titulo>
                <reproducciones última="15-02-2019" numero="10"/>
                <género>Pop español</género>
            </cancion>
            <cancion id="alb01c08" duracion="2:42">
                <titulo>Dí mi nombre</titulo>
                <reproducciones última="15-02-2019" numero="10"/>
                <género>Urbano</género>
            </cancion>
            <cancion id="alb01c09" duracion="3:17">
                <titulo>Nana</titulo>
                <reproducciones última="15-02-2019" numero="10"/>
                <género>Flamenco</género>
            </cancion>
            <cancion id="alb01c10" duracion="2:55">
                <titulo>Maldición</titulo>
                <reproducciones última="15-02-2019" numero="10"/>
                <género>Pop español</género>
            </cancion>
            <cancion id="alb01c11" duracion="1:34">
                <titulo>A ningún hombre</titulo>
                <reproducciones última="15-02-2019" numero="10"/>
                <género>Pop español</género>
            </cancion>
        </album>
 <!--******************************************************************************************************************-->   
        <album id="alb02" año="2004" artista="art02" cubierta="cub_02">
            <titulo>Pafuera telarañas</titulo>
            <portada ruta="imagenes/Bebe-Pafuera_Telaranas.jpg"/>
            <compañia nombre="EMI Music"/>
            <cancion id="alb02c01" duracion="3:45" valoracion="5">
                <titulo>Men señará</titulo>
                <reproducciones última="15-02-2010" numero="20"/>
                <género>Pop rock</género>
            </cancion>
            <cancion id="alb02c02" duracion="3:36" valoracion="5">
                <titulo>Ella</titulo>
                <reproducciones última="15-02-2010" numero="15"/>
            </cancion>
            <cancion id="alb02c03" duracion="2:56" valoracion="3">
                <titulo>Con mis manos</titulo>
                <reproducciones última="15-02-2010" numero="5"/>
            </cancion>
            <cancion id="alb02c04" duracion="3:49">
                <titulo>Siempre me quedará</titulo>
            </cancion>
            <cancion id="alb02c05" duracion="3:36" valoracion="5">
                <titulo>Malo</titulo>
                <reproducciones última="15-02-2010" numero="30"/>
            </cancion>
            <cancion id="alb02c06" duracion="3:42">
                <titulo>Ska de la tierra</titulo>
                <reproducciones última="15-02-2010" numero="30"/>
                <género>Ska</género>
            </cancion>
            <cancion id="alb02c07" duracion="3:54">
                <titulo>El golpe</titulo>
                <reproducciones última="15-02-2010" numero="30"/>
                <género>Ska</género>
            </cancion>
            <cancion id="alb02c08" duracion="3:45">
                <titulo>Revolvió</titulo>
                <reproducciones última="15-02-2010" numero="30"/>
                <género>Ska</género>
            </cancion>
            <cancion id="alb02c09" duracion="3:55">
                <titulo>Como los olivos</titulo>
                <reproducciones última="15-02-2010" numero="30"/>
                <género>Ska</género>
            </cancion>
            <cancion id="alb02c10" duracion="3:50">
                <titulo>Cuidándote</titulo>
                <reproducciones última="15-02-2010" numero="30"/>
                <género>Ska</género>
            </cancion>
            <cancion id="alb02c11" duracion="3:25">
                <titulo>Siete horas</titulo>
                <reproducciones última="15-02-2010" numero="30"/>
                <género>Ska</género>
            </cancion>
            <cancion id="alb02c12" duracion="3:49">
                <titulo>Tu silencio</titulo>
                <reproducciones última="15-02-2010" numero="30"/>
                <género>Ska</género>
            </cancion>
            <cancion id="alb02c13" duracion="2:52">
                <titulo>Razones</titulo>
                <reproducciones última="15-02-2010" numero="30"/>
                <género>Ska</género>
            </cancion>
        </album>
<!--******************************************************************************************************************-->    
        <album id="alb03" año="2003" artista="art03" cubierta="cub_03">
            <titulo>Sí</titulo>
            <portada ruta="imagenes/Julieta_Venegas-Si.jpg"/>
            <compañia nombre="BMG Ariola"/>
            <cancion id="alb03c01" duracion="4:03" valoracion="5">
                <titulo>Lento</titulo>
                <reproducciones última="15-02-2007" numero="15"/>
                <género>Pop rock</género>
            </cancion>
            <cancion id="alb03c02" duracion="3:17" valoracion="5">
                <titulo>Andar conmigo</titulo>
                <reproducciones última="15-02-2007" numero="15"/>
                <género>Pop latino</género>
            </cancion>
            <cancion id="alb03c03" duracion="4:04" valoracion="4">
                <titulo>Algo está cambiando</titulo>
                <reproducciones última="15-02-2007" numero="5"/>
            </cancion>
            <cancion id="alb03c04" duracion="3:20">
                <titulo>A tu lado</titulo>
            </cancion>
            <cancion id="alb03c05" duracion="3:20" valoracion="5">
                <titulo>Lo que pidas</titulo>
                <reproducciones última="15-02-2007" numero="20"/>
            </cancion>
            <cancion id="alb03c10" duracion="3:13" valoracion="5">
                <titulo>Oleada</titulo>
                <reproducciones última="15-02-2007" numero="30"/>
            </cancion>
        </album>
 <!--******************************************************************************************************************-->   
        <album id="alb04" año="2017" artista="art04" cubierta="cub_04">
            <titulo>Mismo Sitio, Distinto Lugar</titulo>
            <portada ruta="imagenes/mismoSitio_vetusta.png"/>
            <compañia nombre="BMG Ariola"/>
            <cancion id="alb04c01" duracion="3:49" valoracion="5">
                <titulo>Deseame suerte</titulo>
                <reproducciones última="15-02-2018" numero="15"/>
                <género>Pop rock</género>
            </cancion>
            <cancion id="alb04c02" duracion="3:42" valoracion="5">
                <titulo>El Discurso del rey</titulo>
                <reproducciones última="15-02-2018" numero="15"/>
                <género>Indie</género>
            </cancion>
            <cancion id="alb04c03" duracion="3:37" valoracion="4">
                <titulo>Palmeras en la Mancha</titulo>
                <reproducciones última="15-02-2018" numero="5"/>
            </cancion>
            <cancion id="alb04c04" duracion="5:18">
                <titulo>Consejos de Sabios</titulo>
            </cancion>
            <cancion id="alb04c05" duracion="3:27" valoracion="5">
                <titulo>23 de junio</titulo>
                <reproducciones última="15-02-2018" numero="20"/>
            </cancion>
            <cancion id="alb04c06" duracion="3:35" valoracion="5">
                <titulo>Guerra Civil</titulo>
                <reproducciones última="15-02-2018" numero="30"/>
            </cancion>
            <cancion id="alb04c07" duracion="2:27" valoracion="5">
                <titulo>Te lo Digo a Ti</titulo>
                <reproducciones última="15-02-2018" numero="30"/>
            </cancion>
            <cancion id="alb04c08" duracion="2:27" valoracion="5">
                <titulo>Punto sin retorno</titulo>
                <reproducciones última="15-02-2018" numero="30"/>
            </cancion>
            <cancion id="alb04c09" duracion="4:13" valoracion="5">
                <titulo>La Vieja Escuela</titulo>
                <reproducciones última="15-02-2018" numero="30"/>
            </cancion>
            <cancion id="alb04c10" duracion="3:41" valoracion="5">
                <titulo>Mismo Sitio, Distinto lugar</titulo>
                <reproducciones última="15-02-2018" numero="30"/>
            </cancion>
        </album>
<!--******************************************************************************************************************-->  
        <album id="alb05" año="2013" artista="art06" cubierta="cub_05">
            <titulo>Impronta</titulo>
            <portada ruta="imagenes/impronta.jpg"/>
            <compañia nombre="BMG Ariola"/>
            <cancion id="alb05c01" duracion="3:41" valoracion="5">
                <titulo>Planilandia</titulo>
                <reproducciones última="15-02-2018" numero="15"/>
                <género>Pop rock</género>
            </cancion>
            <cancion id="alb05c02" duracion="4:03" valoracion="5">
                <titulo>El Tiempo Pasará</titulo>
                <reproducciones última="15-02-2018" numero="15"/>
                <género>Indie</género>
            </cancion>
            <cancion id="alb05c03" duracion="4:00" valoracion="4">
                <titulo>Huracán</titulo>
                <reproducciones última="15-02-2018" numero="5"/>
                <género>Indie</género>
            </cancion>
            <cancion id="alb05c04" duracion="4:24">
                <titulo>Impronta</titulo>
                <reproducciones última="15-02-2018" numero="20"/>
                <género>Indie</género>
            </cancion>
            <cancion id="alb05c05" duracion="3:32" valoracion="5">
                <titulo>Emborracharme</titulo>
                <reproducciones última="15-02-2018" numero="20"/>
                <género>Indie</género>
            </cancion>
            <cancion id="alb05c06" duracion="4:01" valoracion="5">
                <titulo>Deshielo</titulo>
                <reproducciones última="15-02-2018" numero="30"/>
                <género>Indie</género>
            </cancion>
            <cancion id="alb05c07" duracion="3:23" valoracion="5">
                <titulo>Una señal</titulo>
                <reproducciones última="15-02-2018" numero="30"/>
                <género>Indie</género>
            </cancion>
            <cancion id="alb05c08" duracion="3:54" valoracion="5">
                <titulo>Tengo un plan</titulo>
                <reproducciones última="15-02-2018" numero="30"/>
                <género>Indie</género>
            </cancion>
            <cancion id="alb05c09" duracion="3:26" valoracion="7">
                <titulo>Zen</titulo>
                <reproducciones última="15-02-2018" numero="30"/>
                <género>Indie</género>
            </cancion>
            <cancion id="alb05c10" duracion="3:23" valoracion="8">
                <titulo>A-sinte_odio</titulo>
                <reproducciones última="15-02-2018" numero="30"/>
                <género>Indie</género>
            </cancion>
            <cancion id="alb05c11" duracion="3:26" valoracion="2">
                <titulo>De los nervios</titulo>
                <reproducciones última="15-02-2018" numero="30"/>
                <género>Indie</género>
            </cancion>
            <cancion id="alb05c12" duracion="3:49" valoracion="9">
                <titulo>Despedirse</titulo>
                <reproducciones última="15-02-2018" numero="30"/>
                <género>Indie</género>
            </cancion>
        </album>
<!--******************************************************************************************************************-->    
        <album id="alb06" año="2018" artista="art07" cubierta="cub_06">
                <titulo>Redención</titulo>
                <portada ruta="imagenes/sfdk-rendicion.jpg"/>
                <compañia nombre="SFDK Records"/>
            <cancion id="alb06c01" duracion="3:46" valoracion="8">
                <titulo>Años Muertos</titulo>
                <reproducciones última="15-02-2018" numero="15"/>
                <género>Rap</género>
            </cancion>
            <cancion id="alb06c02" duracion="3:43" valoracion="5">
                <titulo>Los Funkcionarios</titulo>
                <reproducciones última="15-02-2018" numero="15"/>
                <género>Rap</género>
            </cancion>
            <cancion id="alb06c03" duracion="4:00" valoracion="4">
                <titulo>La Culpa de mí</titulo>
                <reproducciones última="15-02-2018" numero="5"/>
            </cancion>
            <cancion id="alb06c04" duracion="4:22">
                <titulo>Cara B</titulo>
            </cancion>
            <cancion id="alb06c05" duracion="3:46" valoracion="7">
                <titulo>Twiter</titulo>
                <reproducciones última="15-02-2018" numero="20"/>
            </cancion>
            <cancion id="alb06c06" duracion="3:20" valoracion="9">
                <titulo>Creador</titulo>
                <reproducciones última="15-02-2018" numero="30"/>
            </cancion>
            <cancion id="alb06c07" duracion="4:42" valoracion="5">
                <titulo>Me Queo en Mi Casa</titulo>
                <reproducciones última="15-02-2018" numero="30"/>
            </cancion>
            <cancion id="alb06c08" duracion="3:36" valoracion="5">
                <titulo>Lucifer</titulo>
                <reproducciones última="15-02-2018" numero="30"/>
            </cancion>
            <cancion id="alb06c09" duracion="4:03" valoracion="7">
                <titulo>Contradicciones</titulo>
                <reproducciones última="15-02-2018" numero="30"/>
            </cancion>
            <cancion id="alb06c10" duracion="5:06" valoracion="8">
                <titulo>La Amalgama</titulo>
                <reproducciones última="15-02-2018" numero="30"/>
            </cancion>
            <cancion id="alb06c11" duracion="4:02" valoracion="2">
                <titulo>Siguiendo el Curso</titulo>
                <reproducciones última="15-02-2018" numero="30"/>
            </cancion>
            <cancion id="alb06c12" duracion="3:03" valoracion="9">
                <titulo>Ventanas y Terrazas</titulo>
                <reproducciones última="15-02-2018" numero="30"/>
            </cancion>
        </album>
<!--******************************************************************************************************************-->
    </albumes>
  
    <artistas>
        <artista id="art01">
            <nombre>Rosalía</nombre>
            <pagina>https://rosalia.com/</pagina>
        </artista>
        <artista id="art02">
            <nombre>Bebe</nombre>
            <pagina>http://www.bebeoficial.com/</pagina>
        </artista>
        <artista id="art03">
            <nombre>Julieta Venegas</nombre>
            <pagina>https://www.julietavenegas.net/</pagina>
        </artista>
        <artista id="art04">
            <nombre>Vetusta Morla</nombre>
            <pagina>http://www.vetustamorla.com/pages/home</pagina>
        </artista>
        <artista id="art05">
            <nombre>Lori Meyers</nombre>
            <pagina>http://www.lorimeyers.net/</pagina>
        </artista>
        <artista id="art06">
            <nombre>Sidonie</nombre>
            <pagina>https://www.sidonie.net/</pagina>
        </artista>
        <artista id="art07">
            <nombre>SFDK</nombre>
            <pagina>http://sfdkoficial.com/</pagina>
        </artista>
    </artistas>
 <!--******************************************************************************************************************--> 
    <playlists>
        <playlist id="pl01" nombre="Mujeres favoritas" modo="ordenado">
            <cancion id="alb01c01" orden="1"/>
            <cancion id="alb02c01" orden="2"/>
            <cancion id="alb03c01" orden="3"/>
        </playlist>
  
        <playlist id="pl02" nombre="Mujeres random" modo="aleatorio">
            <cancion id="alb01c01"/>
            <cancion id="alb01c02"/>
            <cancion id="alb01c03"/>
            <cancion id="alb02c01"/>
            <cancion id="alb02c02"/>
            <cancion id="alb03c01"/>
            <cancion id="alb03c02"/>
        </playlist>
  
        <playlist id="pl03" nombre="Mujeres álbumes" modo="álbum">
            <album id="alb01"/>
            <album id="alb02"/>
            <album id="alb03"/>
        </playlist>
  
        <playlist id="pl04" nombre="Pop Rock" modo="álbum">
            <album id="alb04"/>
            <album id="alb05"/>
        </playlist>
  
        <playlist id="pl03" nombre="De todo" modo="álbum">
            <album id="alb01"/>
            <album id="alb02"/>
            <album id="alb03"/>
            <album id="alb04"/>
            <album id="alb05"/>
            <album id="alb06"/>
        </playlist>  
    </playlists>
</biblioteca>