{
  "biblioteca": {
    "albumes": {
      "album": [
        {
          "-id": "alb01",
          "-año": "2018",
          "-artista": "art01",
          "-cubierta": "cub_01",
          "titulo": "El mal querer",
          "compañia": { "-nombre": "Sony Music" },
          "cancion": [
            {
              "-id": "alb01c01",
              "-duracion": "2:29",
              "-valoracion": "5",
              "titulo": "Malamente",
              "reproducciones": {
                "-última": "15-02-2019",
                "-numero": "4"
              },
              "género": [
                "Flamenco",
                "Pop español",
                "Urbano"
              ]
            },
            {
              "-id": "alb01c02",
              "-duracion": "4:29",
              "-valoracion": "3",
              "titulo": "Que no salga la luna",
              "reproducciones": {
                "-última": "30-12-2018",
                "-numero": "1"
              }
            },
            {
              "-id": "alb01c03",
              "-duracion": "3:13",
              "-valoracion": "5",
              "titulo": "Pienso en tu mirá",
              "reproducciones": {
                "-última": "15-02-2019",
                "-numero": "10"
              }
            },
            {
              "-id": "alb01c04",
              "-duracion": "2:24",
              "titulo": "De aquí no sales"
            },
            {
              "-id": "alb01c05",
              "-duracion": "3:28",
              "titulo": "reniego"
            },
            {
              "-id": "alb01c06",
              "-duracion": "0:40",
              "titulo": "Preso"
            },
            {
              "-id": "alb01c07",
              "-duracion": "3:02",
              "titulo": "Bagdad"
            },
            {
              "-id": "alb01c08",
              "-duracion": "2:42",
              "titulo": "Dí mi nombre"
            },
            {
              "-id": "alb01c09",
              "-duracion": "3:17",
              "titulo": "Nana"
            },
            {
              "-id": "alb01c10",
              "-duracion": "2:55",
              "titulo": "Maldición"
            },
            {
              "-id": "alb01c11",
              "-duracion": "1:34",
              "titulo": "A ningún hombre"
            }
          ]
        },
        {
          "-id": "alb02",
          "-año": "2004",
          "-artista": "art02",
          "-cubierta": "cub_02",
          "titulo": "Pafuera telarañas",
          "compañia": { "-nombre": "EMI Music" },
          "cancion": [
            {
              "-id": "alb02c01",
              "-duracion": "3:45",
              "-valoracion": "5",
              "titulo": "Men señará",
              "reproducciones": {
                "-última": "15-02-2010",
                "-numero": "20"
              },
              "género": "Pop rock"
            },
            {
              "-id": "alb02c02",
              "-duracion": "3:36",
              "-valoracion": "5",
              "titulo": "Ella",
              "reproducciones": {
                "-última": "15-02-2010",
                "-numero": "15"
              }
            },
            {
              "-id": "alb02c03",
              "-duracion": "2:56",
              "-valoracion": "3",
              "titulo": "Con mis manos",
              "reproducciones": {
                "-última": "15-02-2010",
                "-numero": "5"
              }
            },
            {
              "-id": "alb02c04",
              "-duracion": "3:49",
              "titulo": "Siempre me quedará"
            },
            {
              "-id": "alb02c05",
              "-duracion": "3:36",
              "-valoracion": "5",
              "titulo": "Malo",
              "reproducciones": {
                "-última": "15-02-2010",
                "-numero": "30"
              }
            },
            {
              "-id": "alb02c06",
              "-duracion": "3:42",
              "titulo": "Ska de la tierra",
              "género": "Ska"
            },
            {
              "-id": "alb02c07",
              "-duracion": "3:54",
              "titulo": "El golpe"
            },
            {
              "-id": "alb02c08",
              "-duracion": "3:45",
              "titulo": "Revolvió"
            },
            {
              "-id": "alb02c09",
              "-duracion": "3:55",
              "titulo": "Como los olivos"
            },
            {
              "-id": "alb02c10",
              "-duracion": "3:50",
              "titulo": "Cuidándote"
            },
            {
              "-id": "alb02c11",
              "-duracion": "3:25",
              "titulo": "Siete horas"
            },
            {
              "-id": "alb02c12",
              "-duracion": "3:49",
              "titulo": "Tu silencio"
            },
            {
              "-id": "alb02c13",
              "-duracion": "2:52",
              "titulo": "Razones"
            }
          ]
        },
        {
          "-id": "alb03",
          "-año": "2003",
          "-artista": "art03",
          "-cubierta": "cub_03",
          "titulo": "Sí",
          "compañia": { "-nombre": "BMG Ariola" },
          "cancion": [
            {
              "-id": "alb03c01",
              "-duracion": "4:03",
              "-valoracion": "5",
              "titulo": "Lento",
              "reproducciones": {
                "-última": "15-02-2007",
                "-numero": "15"
              },
              "género": "Pop rock"
            },
            {
              "-id": "alb03c02",
              "-duracion": "3:17",
              "-valoracion": "5",
              "titulo": "Andar conmigo",
              "reproducciones": {
                "-última": "15-02-2007",
                "-numero": "15"
              },
              "género": "Pop latino"
            },
            {
              "-id": "alb03c03",
              "-duracion": "4:04",
              "-valoracion": "4",
              "titulo": "Algo está cambiando",
              "reproducciones": {
                "-última": "15-02-2007",
                "-numero": "5"
              }
            },
            {
              "-id": "alb03c04",
              "-duracion": "3:20",
              "titulo": "A tu lado"
            },
            {
              "-id": "alb03c05",
              "-duracion": "3:20",
              "-valoracion": "5",
              "titulo": "Lo que pidas",
              "reproducciones": {
                "-última": "15-02-2007",
                "-numero": "20"
              }
            },
            {
              "-id": "alb03c10",
              "-duracion": "3:13",
              "-valoracion": "5",
              "titulo": "Oleada",
              "reproducciones": {
                "-última": "15-02-2007",
                "-numero": "30"
              }
            }
          ]
        },
        {
          "-id": "alb04",
          "-año": "2017",
          "-artista": "art04",
          "-cubierta": "cub_04",
          "titulo": "Mismo Sitio, Distinto Lugar",
          "compañia": { "-nombre": "BMG Ariola" },
          "cancion": [
            {
              "-id": "alb04c01",
              "-duracion": "3:49",
              "-valoracion": "5",
              "titulo": "Deseame suerte",
              "reproducciones": {
                "-última": "15-02-2018",
                "-numero": "15"
              },
              "género": "Pop rock"
            },
            {
              "-id": "alb04c02",
              "-duracion": "3:42",
              "-valoracion": "5",
              "titulo": "El Discurso del rey",
              "reproducciones": {
                "-última": "15-02-2018",
                "-numero": "15"
              },
              "género": "Indie"
            },
            {
              "-id": "alb04c03",
              "-duracion": "3:37",
              "-valoracion": "4",
              "titulo": "Palmeras en la Mancha",
              "reproducciones": {
                "-última": "15-02-2018",
                "-numero": "5"
              }
            },
            {
              "-id": "alb04c04",
              "-duracion": "5:18",
              "titulo": "Consejos de Sabios"
            },
            {
              "-id": "alb04c05",
              "-duracion": "3:27",
              "-valoracion": "5",
              "titulo": "23 de junio",
              "reproducciones": {
                "-última": "15-02-2018",
                "-numero": "20"
              }
            },
            {
              "-id": "alb04c06",
              "-duracion": "3:35",
              "-valoracion": "5",
              "titulo": "Guerra Civil",
              "reproducciones": {
                "-última": "15-02-2018",
                "-numero": "30"
              }
            },
            {
              "-id": "alb04c07",
              "-duracion": "2:27",
              "-valoracion": "5",
              "titulo": "Te lo Digo a Ti",
              "reproducciones": {
                "-última": "15-02-2018",
                "-numero": "30"
              }
            },
            {
              "-id": "alb04c08",
              "-duracion": "2:27",
              "-valoracion": "5",
              "titulo": "Punto sin retorno",
              "reproducciones": {
                "-última": "15-02-2018",
                "-numero": "30"
              }
            },
            {
              "-id": "alb04c09",
              "-duracion": "4:13",
              "-valoracion": "5",
              "titulo": "La Vieja Escuela",
              "reproducciones": {
                "-última": "15-02-2018",
                "-numero": "30"
              }
            },
            {
              "-id": "alb04c10",
              "-duracion": "3:41",
              "-valoracion": "5",
              "titulo": "Mismo Sitio, Distinto lugar",
              "reproducciones": {
                "-última": "15-02-2018",
                "-numero": "30"
              }
            }
          ]
        },
        {
          "-id": "alb05",
          "-año": "2013",
          "-artista": "art06",
          "-cubierta": "cub_05",
          "titulo": "Impronta",
          "compañia": { "-nombre": "BMG Ariola" },
          "cancion": [
            {
              "-id": "alb05c01",
              "-duracion": "3:41",
              "-valoracion": "5",
              "titulo": "Planilandia",
              "reproducciones": {
                "-última": "15-02-2018",
                "-numero": "15"
              },
              "género": "Pop rock"
            },
            {
              "-id": "alb05c02",
              "-duracion": "4:03",
              "-valoracion": "5",
              "titulo": "El Tiempo Pasará",
              "reproducciones": {
                "-última": "15-02-2018",
                "-numero": "15"
              },
              "género": "Indie"
            },
            {
              "-id": "alb05c03",
              "-duracion": "4:00",
              "-valoracion": "4",
              "titulo": "Huracán",
              "reproducciones": {
                "-última": "15-02-2018",
                "-numero": "5"
              }
            },
            {
              "-id": "alb05c04",
              "-duracion": "4:24",
              "titulo": "Impronta"
            },
            {
              "-id": "alb05c05",
              "-duracion": "3:32",
              "-valoracion": "5",
              "titulo": "Emborracharme",
              "reproducciones": {
                "-última": "15-02-2018",
                "-numero": "20"
              }
            },
            {
              "-id": "alb05c06",
              "-duracion": "4:01",
              "-valoracion": "5",
              "titulo": "Deshielo",
              "reproducciones": {
                "-última": "15-02-2018",
                "-numero": "30"
              }
            },
            {
              "-id": "alb05c07",
              "-duracion": "3:23",
              "-valoracion": "5",
              "titulo": "Una señal",
              "reproducciones": {
                "-última": "15-02-2018",
                "-numero": "30"
              }
            },
            {
              "-id": "alb05c08",
              "-duracion": "3:54",
              "-valoracion": "5",
              "titulo": "Tengo un plan",
              "reproducciones": {
                "-última": "15-02-2018",
                "-numero": "30"
              }
            },
            {
              "-id": "alb05c09",
              "-duracion": "3:26",
              "-valoracion": "7",
              "titulo": "Zen",
              "reproducciones": {
                "-última": "15-02-2018",
                "-numero": "30"
              }
            },
            {
              "-id": "alb05c10",
              "-duracion": "3:23",
              "-valoracion": "8",
              "titulo": "A-sinte_odio",
              "reproducciones": {
                "-última": "15-02-2018",
                "-numero": "30"
              }
            },
            {
              "-id": "alb05c11",
              "-duracion": "3:26",
              "-valoracion": "2",
              "titulo": "De los nervios",
              "reproducciones": {
                "-última": "15-02-2018",
                "-numero": "30"
              }
            },
            {
              "-id": "alb05c12",
              "-duracion": "3:49",
              "-valoracion": "9",
              "titulo": "Despedirse",
              "reproducciones": {
                "-última": "15-02-2018",
                "-numero": "30"
              }
            }
          ]
        },
        {
          "-id": "alb06",
          "-año": "2018",
          "-artista": "art07",
          "-cubierta": "cub_06",
          "titulo": "Redención",
          "compañia": { "-nombre": "SFDK Records" },
          "cancion": [
            {
              "-id": "alb06c01",
              "-duracion": "3:46",
              "-valoracion": "8",
              "titulo": "Años Muertos",
              "reproducciones": {
                "-última": "15-02-2018",
                "-numero": "15"
              },
              "género": "Rap"
            },
            {
              "-id": "alb06c02",
              "-duracion": "3:43",
              "-valoracion": "5",
              "titulo": "Los Funkcionarios",
              "reproducciones": {
                "-última": "15-02-2018",
                "-numero": "15"
              },
              "género": "Rap"
            },
            {
              "-id": "alb06c03",
              "-duracion": "4:00",
              "-valoracion": "4",
              "titulo": "La Culpa de mí",
              "reproducciones": {
                "-última": "15-02-2018",
                "-numero": "5"
              }
            },
            {
              "-id": "alb06c04",
              "-duracion": "4:22",
              "titulo": "Cara B"
            },
            {
              "-id": "alb06c05",
              "-duracion": "3:46",
              "-valoracion": "7",
              "titulo": "Twiter",
              "reproducciones": {
                "-última": "15-02-2018",
                "-numero": "20"
              }
            },
            {
              "-id": "alb06c06",
              "-duracion": "3:20",
              "-valoracion": "9",
              "titulo": "Creador",
              "reproducciones": {
                "-última": "15-02-2018",
                "-numero": "30"
              }
            },
            {
              "-id": "alb06c07",
              "-duracion": "4:42",
              "-valoracion": "5",
              "titulo": "Me Queo en Mi Casa",
              "reproducciones": {
                "-última": "15-02-2018",
                "-numero": "30"
              }
            },
            {
              "-id": "alb06c08",
              "-duracion": "3:36",
              "-valoracion": "5",
              "titulo": "Lucifer",
              "reproducciones": {
                "-última": "15-02-2018",
                "-numero": "30"
              }
            },
            {
              "-id": "alb06c09",
              "-duracion": "4:03",
              "-valoracion": "7",
              "titulo": "Contradicciones",
              "reproducciones": {
                "-última": "15-02-2018",
                "-numero": "30"
              }
            },
            {
              "-id": "alb06c10",
              "-duracion": "5:06",
              "-valoracion": "8",
              "titulo": "La Amalgama",
              "reproducciones": {
                "-última": "15-02-2018",
                "-numero": "30"
              }
            },
            {
              "-id": "alb06c11",
              "-duracion": "4:02",
              "-valoracion": "2",
              "titulo": "Siguiendo el Curso",
              "reproducciones": {
                "-última": "15-02-2018",
                "-numero": "30"
              }
            },
            {
              "-id": "alb06c12",
              "-duracion": "3:03",
              "-valoracion": "9",
              "titulo": "Ventanas y Terrazas",
              "reproducciones": {
                "-última": "15-02-2018",
                "-numero": "30"
              }
            }
          ]
        }
      ]
    },
    "artistas": {
      "artista": [
        {
          "-id": "art01",
          "nombre": "Rosalía"
        },
        {
          "-id": "art02",
          "nombre": "Bebe"
        },
        {
          "-id": "art03",
          "nombre": "Julieta Venegas"
        },
        {
          "-id": "art04",
          "nombre": "Vetusta Morla"
        },
        {
          "-id": "art05",
          "nombre": "Lori Meyers"
        },
        {
          "-id": "art06",
          "nombre": "Sidonie"
        },
        {
          "-id": "art07",
          "nombre": "SFDK"
        }
      ]
    }
  }
}